Blog Title,Blog Date,Blog Image URL,Blog Likes Count
Taylor Swift's Spectacular Tour Sparks Unprecedented Hotel Booking Surge in Buenos Aires,"NOVEMBER 23, 2023",https://rategain.com/blog/swiftie-effect-in-buenos-aires/,5
A Complete Guide to Hotel Revenue Management,"NOVEMBER 22, 2023",https://rategain.com/blog/guide-to-hotel-revenue-management/,2
The Ultimate Guide to Choosing the Right Hotel Booking Engine,"NOVEMBER 22, 2023",https://rategain.com/blog/guide-to-choosing-the-right-hotel-booking-engine/,3
"Maximize Your Hotel’s Exposure with Google AdSense’s New ""Related Search"" Feature in Auto Ads","OCTOBER 20, 2023",https://rategain.com/blog/new-related-search-feature-in-auto-ads/,32
Beyond Reach & Frequency: Hotels' New Era with Facebook's 'Reservation' Buying Type,"OCTOBER 12, 2023",https://rategain.com/blog/facebook-reservation-buying-type/,17
Managing Overbookings and Cancellations with Hotel Booking Engines,"OCTOBER 5, 2023",https://rategain.com/blog/managing-overbookings-and-cancellations-with-hotel-booking-engines/,12
Global Distribution System (GDS) vs. Channel Manager: Which is Right for Your Hotel,"OCTOBER 1, 2023",https://rategain.com/blog/gds-vs-channel-manager/,11
Jingle All the Way: Europe Christmas Travel Trends,"SEPTEMBER 28, 2023",https://rategain.com/blog/europe-christmas-travel-trends/,8
Why Bing Hotel Ads Should Be in Your Marketing Mix,"SEPTEMBER 28, 2023",https://rategain.com/blog/bing-hotel-ads/,9
Unraveling the Alchemy: Year-End Travel Trends in Singapore,"SEPTEMBER 26, 2023",https://rategain.com/blog/year-end-travel-trends-in-singapore/,8
Year-End U.S. Domestic Travel Insights: A Revenue Manager's Guide to Success,"SEPTEMBER 25, 2023",https://rategain.com/blog/year-end-us-domestic-travel-insights/,7
Unlocking Top Travel Destinations in Egypt: A Hotelier's Playbook,"SEPTEMBER 25, 2023",https://rategain.com/blog/top-travel-destinations-in-egypt/,7
Shaping Success in Egypt's Dynamic Hospitality Landscape: A Roadmap for Hoteliers,"SEPTEMBER 22, 2023",https://rategain.com/blog/egypt-hotel-strategies/,7
Checking In to a Greener Future: Renewable Energy in Hotels,"SEPTEMBER 15, 2023",https://rategain.com/blog/renewable-energy-in-hotels/,6
Sustaining Communities: The Role of Travel Sellers in Sustainable Tourism,"SEPTEMBER 14, 2023",https://rategain.com/blog/role-of-travel-sellers-in-sustainable-tourism/,6
Flowing Towards Sustainability: Water Conservation in Hotels,"SEPTEMBER 11, 2023",https://rategain.com/blog/water-conservation-in-hotels/,6
Eco-Friendly Practices in Vacation Rentals: A Win-Win for Guests and the Environment,"SEPTEMBER 10, 2023",https://rategain.com/blog/eco-friendly-practices-in-vacation-rentals/,7
Zero-Waste Travel: A Sustainable Path to Explore the World,"SEPTEMBER 9, 2023",https://rategain.com/blog/zero-waste-travel/,6
Building a Greener Future: Sustainable Supply Chain Management in Hotels,"SEPTEMBER 8, 2023",https://rategain.com/blog/sustainable-supply-chain-management-in-hotels/,5
Airline Sustainability Initiatives: How Airlines are Going Green,"SEPTEMBER 7, 2023",https://rategain.com/blog/airline-sustainability-initiatives/,4
Exploring Eco-Tourism: Where Nature Meets Responsible Travel,"SEPTEMBER 6, 2023",https://rategain.com/blog/eco-tourism/,6
Measuring and Reporting Sustainability Impact: Metrics for Hotels and Travel Sellers,"SEPTEMBER 6, 2023",https://rategain.com/blog/sustainability-impact-for-hotels-and-travel-sellers/,4
Reducing Carbon Footprint: Sustainable Practices for Tour Operators,"SEPTEMBER 5, 2023",https://rategain.com/blog/sustainable-practices-for-tour-operators/,6
Preserving Paradise: Biodiversity Conservation in Travel,"SEPTEMBER 4, 2023",https://rategain.com/blog/biodiversity-conservation-in-travel/,5
"How Green is your Hotel? Do Good and Show it to the World – on Google, for Example","SEPTEMBER 3, 2023",https://rategain.com/blog/how-green-is-your-hotel/,7
The Digital Evolution of UK Hospitality: A Historic Journey From Keys to Clicks,"SEPTEMBER 1, 2023",https://rategain.com/blog/evolution-of-uk-hospitality/,7
Driving Green: The Future of Sustainable Car Rentals,"SEPTEMBER 1, 2023",https://rategain.com/blog/future-of-sustainable-car-rentals/,6
Taste the Future: Sustainable Food Practices in Hotels and Restaurants,"SEPTEMBER 1, 2023",https://rategain.com/blog/sustainable-food-practices-in-hotels-and-restaurants/,6
The Heart of Travel: DMOs and Their Impact on Local Economies,"SEPTEMBER 1, 2023",https://rategain.com/blog/impact-of-dmo-on-local-economies/,8
Exploring India's Travel Resurgence: From G20 Summit to Cricket Hype Amidst a High-Demand Festive Season,"AUGUST 31, 2023",https://rategain.com/blog/the-world-is-coming-to-india-this-winters/,9
Social Media Meets Google Business Profile: Here's Why You Should Care,"AUGUST 21, 2023",https://rategain.com/blog/add-social-media-to-google-business-profile/,5
Connect the Dots: Decoding Common Hotel System Connectivity Challenges,"AUGUST 18, 2023",https://rategain.com/blog/hotel-system-connectivity-challenges/,5
GA4's New User Data Export to BigQuery: Your Key to Hyper-Personalized Hotel Marketing,"AUGUST 17, 2023",https://rategain.com/blog/ga4-user-data-export-to-big-query-for-hotels/,5
How AI and Machine Learning are Shaping Hotel Search Engines,"AUGUST 16, 2023",https://rategain.com/blog/role-of-ai-ml-in-hotel-search-engines/,5
Unpacking Global DE&I Pillars: A Strategy for Inclusivity,"AUGUST 16, 2023",https://rategain.com/blog/global-dei-strategy/,5
"The Evolution of Hotel Search Engines: Past, Present, and Future","AUGUST 15, 2023",https://rategain.com/blog/evolution-of-hotel-search-engines/,5
From Green Revolution to Space Exploration: 75 Innovations Propelling India Beyond 75,"AUGUST 14, 2023",https://rategain.com/blog/top-innovations-of-independent-india/,6
Going Green: How Hotel Search Engines are Championing the Cause of Sustainable Travel,"AUGUST 10, 2023",https://rategain.com/blog/hotel-search-engines-promoting-sustainability/,3
Get Noticed: The Smart Hotelier's Guide to Google's Filtered Search Carousel,"AUGUST 9, 2023",https://rategain.com/blog/google-hotel-filtered-search-carousel/,3
Understanding the Mechanics of Hotel Search Engines,"AUGUST 9, 2023",https://rategain.com/blog/hotel-search-engines/,4
Hospitality in the Digital Age: Software Breakthroughs and What's Next,"AUGUST 8, 2023",https://rategain.com/blog/hospitality-softwares/,5
Gaining a Competitive Edge at Every Stage of the Traveler Journey,"AUGUST 4, 2023",https://rategain.com/blog/gaining-a-competitive-edge-at-every-stage-of-the-traveler-journey/,5
Elevate Your Hotel's Performance with Revenue Management Analytics,"AUGUST 4, 2023",https://rategain.com/blog/hotel-revenue-management-analytics/,5
How Hotels Can Stay Ahead in the Dynamic Hospitality Industry,"AUGUST 4, 2023",https://rategain.com/blog/stay-competitive-in-hospitality-industry/,6
What is Hospitality Management? Why is it Important?,"AUGUST 1, 2023",https://rategain.com/blog/hospitality-management/,5
Has 'The Swiftie Fever' Opened New Travel Avenues In the U.S.,"AUGUST 1, 2023",https://rategain.com/blog/pop-icons-driving-travel-demand/,5
How to Make Technology Partnerships Successful for Hotels,"JULY 21, 2023",https://rategain.com/blog/technology-partnerships-for-hotels/,7
AI and Machine Learning – Who Will Lead the Change and What Will it Look Like?,"JULY 20, 2023",https://rategain.com/blog/ai-and-ml-in-travel-industry/,7
Large Hotel Chains Can Move Fast Too: 10 Ideas To Implement Today,"JULY 18, 2023",https://rategain.com/blog/ideas-for-large-hotel-chains-for-success/,5
The Basics of Distribution for Hotel Chains,"JULY 18, 2023",https://rategain.com/blog/basics-of-distribution-for-hotel-chains/,5
Supercharging Hotel Bookings: The Game-Changing Benefits of Metasearch Marketing,"JULY 18, 2023",https://rategain.com/blog/benefits-of-metasearch-marketing/,5
The Tech-Stack Needed by OTAs to Scale Your BI Capabilities,"JULY 17, 2023",https://rategain.com/blog/tech-stack-needed-by-otas/,5
The Future of Rate Parity in the Hospitality Industry,"JULY 17, 2023",https://rategain.com/blog/future-of-rate-parity-in-the-hospitality-industry/,6
How Hotel Pricing is Going to Change in the Age of AI,"JULY 12, 2023",https://rategain.com/blog/hotel-pricing-ai/,5
Leveraging Instagram Threads for the Travel and Hospitality Industry,"JULY 10, 2023",https://rategain.com/blog/instagram-threads-for-travel-and-hospitality-and-travel-industry/,5
Calling All Hoteliers: Unleash the Power of GA4 for Optimal Performance,"JULY 7, 2023",https://rategain.com/blog/ga4-for-hoteliers/,7
Green Gold: Sustainable Hotels Shaping Profitable and Responsible Hospitality,"JULY 3, 2023",https://rategain.com/blog/sustainable-hotels/,6
Managing Hotel Cancellations: Strategies to Optimize Revenue and Guest Satisfaction,"JUNE 28, 2023",https://rategain.com/blog/managing-hotel-cancellations/,4
Big Data: The Game Changer in Hospitality Industry,"JUNE 27, 2023",https://rategain.com/blog/big-data-in-hospitality-industry/,5
Unveiling the Hotel Challenges: Navigating Obstacles in the Dynamic Hospitality Landscape,"JUNE 26, 2023",https://rategain.com/blog/hotel-challenges/,5
Distribution Challenges for Hotels in Latin America,"JUNE 23, 2023",https://rategain.com/blog/distribution-challenges-for-hotels-in-latin-america/,5
Navigating Hotel Distribution Challenges with Technology and Strategy,"JUNE 22, 2023",https://rategain.com/blog/solving-hotel-distribution-challenges-with-technology-and-strategy/,7
What Does Digital Foundation in Hospitality Look Like,"JUNE 20, 2023",https://rategain.com/blog/digital-foundation-in-hospitality/,6
Effective Hotel Pricing Strategies To Maximize Revenue During Low Demand Periods,"JUNE 13, 2023",https://rategain.com/blog/effective-hotel-pricing-strategies-during-low-demand-periods/,6
The Power of Allyship: Building Bridges of Support and Inclusion,"JUNE 12, 2023",https://rategain.com/blog/the-power-of-allyship/,6
Mastering Success: Hotel Revenue Management Strategies for Optimal Growth,"JUNE 11, 2023",https://rategain.com/blog/effective-hotel-revenue-management-strategies/,5
Solving the Challenge of Overbooking in Hotels: Strategies for Seamless Guest Experience,"JUNE 10, 2023",https://rategain.com/blog/solving-the-challenge-of-overbooking-in-hotels/,6
Navigating the Highs and Lows: Managing Hotel Demand During Special Events,"JUNE 9, 2023",https://rategain.com/blog/managing-hotel-demand-during-special-events/,6
The Impact of Weather on Hotel Demand: Leveraging Insights for Success,"JUNE 9, 2023",https://rategain.com/blog/the-impact-of-weather-on-hotel-demand/,6
Inside Google Marketing Live 2023: AI-Powered Innovations & What They Mean for the Hotel Industry,"JUNE 8, 2023",https://rategain.com/blog/google-marketing-live-ai-powered-innovations-for-the-hotel-industry/,6
Hotel Loyalty Programs: Building Customer Loyalty and Maximizing Rewards,"JUNE 8, 2023",https://rategain.com/blog/hotel-loyalty-programs/,6
The Impact of Seasonality on Hotel Revenue: Understanding the Highs and Lows,"JUNE 8, 2023",https://rategain.com/blog/the-impact-of-seasonality-on-hotel-revenue/,7
Walking the Tight Rope: High Hotel ADR and Low Distribution Cost,"JUNE 7, 2023",https://rategain.com/blog/walking-the-tight-rope-high-adr-and-low-distribution-cost/,7
The Role of Central Reservation Systems in Efficient Hotel Inventory Distribution,"JUNE 7, 2023",https://rategain.com/blog/managing-hotel-inventory-distribution-through-crs/,7
The History of Pride Month: Celebrating Love and Equality,"JUNE 5, 2023",https://rategain.com/blog/the-history-of-pride-month/,5
A Comprehensive Guide to Cloud Computing for Hotels: Transforming the Hospitality Industry,"JUNE 5, 2023",https://rategain.com/blog/cloud-computing-for-hotels/,5
Unlock the Power of a Hotel Central Reservation System,"JUNE 1, 2023",https://rategain.com/blog/hotel-central-reservation-system/,6
Data and Analytics Can Help You Distribute Your Hotel Inventory Effectively & Run Hotel Profitably,"MAY 26, 2023",https://rategain.com/blog/data-analytics-distribute-hotel-inventory-profitably/,5
Data-Driven Excellence: Maximizing Performance with Hotel Data Analytics,"MAY 26, 2023",https://rategain.com/blog/hotel-data-analytics/,7
Driving Higher Hotel Occupancy Rates: Implementing Effective Strategies,"MAY 25, 2023",https://rategain.com/blog/driving-higher-hotel-occupancy-rates/,7
The Complete Guide to Hotel Digital Marketing: Boost Your Online Presence and Drive Bookings,"MAY 24, 2023",https://rategain.com/blog/the-complete-guide-to-hotel-digital-marketing/,7
What is a Global Distribution System (GDS)? How does it Benefit Your Hotel?,"MAY 23, 2023",https://rategain.com/blog/global-distribution-system/,8
Unleashing the Power of Hotel Technology: The Game Changer in Tech-Savvy Hospitality,"MAY 23, 2023",https://rategain.com/blog/power-of-hotel-technology/,5
Unlocking Profitability: An Introduction to Hotel Revenue Management,"MAY 23, 2023",https://rategain.com/blog/introduction-to-hotel-revenue-management/,4
Why Should All Destinations Have a Destination Marketing Organization (DMO)?,"MAY 22, 2023",https://rategain.com/blog/why-should-destinations-have-a-destination-marketing-organization/,2
"Destination Marketing Organization: Its Roles, Importance, and Benefits in the Hospitality Industry","MAY 22, 2023",https://rategain.com/blog/destination-marketing-guide/,2
"Difference Between a Hotel PMS, Channel Manager, OTAs, and Booking Engine","MAY 22, 2023",https://rategain.com/blog/difference-between-a-hotel-pms-channel-manager-otas-and-booking-engine/,5
The Complete Guide to Distribution Channels in the Hotel Industry,"MAY 21, 2023",https://rategain.com/blog/hotel-distribution-channels-guide/,3
Unlocking New Revenue Streams: A Guide to Effective Channel Management for Hospitality Businesses,"MAY 21, 2023",https://rategain.com/blog/unlocking-new-revenue-streams-a-guide-to-effective-channel-management-for-hospitality-businesses/,3
Unveiling the Magic of Metasearch Engines: A Game Changer for Online Businesses,"MAY 21, 2023",https://rategain.com/blog/unveiling-the-magic-of-metasearch-engines/,2
Where does Content Fit in the Evolution of Hotel Distribution?,"MAY 20, 2023",https://rategain.com/blog/content-management-for-hotel-distribution/,3
Boost Your Hotel's Online Presence with a Hotel Content Management System,"MAY 19, 2023",https://rategain.com/blog/hotel-content-management-system-for-increased-online-presence/,2
Streamline Your Hotel Pricing Strategy with Advanced Rate Shopping Software,"MAY 18, 2023",https://rategain.com/blog/streamlining-hotel-pricing-with-rate-shopping-software/,2
Dynamic Pricing Strategy in Hotels for Hospitality Industry,"MAY 18, 2023",https://rategain.com/blog/what-dynamic-pricing-can-do-to-your-hotel-revenue/,10
Hotel Pricing Strategy: Maximizing Revenue Through Effective Pricing Techniques,"MAY 18, 2023",https://rategain.com/blog/hotel-pricing-strategy-to-maximize-revenue/,5
How To Use Google Hotel Ads: A Complete Guide,"MAY 18, 2023",https://rategain.com/blog/google-hotel-ads-guide/,5
Boost Your Hotel Revenue with Efficient Hotel Inventory Management,"MAY 16, 2023",https://rategain.com/blog/boost-hotel-revenue-inventory-availability-management/,6
Cracking the Code: How to Benefit from Hotel Wholesalers,"MAY 16, 2023",https://rategain.com/blog/how-to-benefit-from-hotel-wholesalers/,5
8 Easy Tips for Hotel Revenue Managers to Cope With Rate Parity Issues,"MAY 15, 2023",https://rategain.com/blog/tips-hotel-manage-rate-parity-issue/,6
What is Hotel Rate Parity? Why is it Important in the Hotel Industry?,"MAY 15, 2023",https://rategain.com/blog/what-is-hotel-rate-parity/,5
18 Factors to Consider before Investing in Channel Manager for Your Hotel,"MAY 14, 2023",https://rategain.com/blog/18-factors-to-consider-before-investing-in-channel-manager-for-your-hotel/,4
Crucial Hotel Sales Strategies to Boost Occupancy and Revenue,"MAY 14, 2023",https://rategain.com/blog/hotel-sales-strategies/,4
What is a Hotel Channel Manager? How Do You Choose the Perfect One?,"MAY 14, 2023",https://rategain.com/blog/what-is-a-hotel-channel-manager/,5
How Can Content Solve The Expectation Gap for Hotels?,"MAY 13, 2023",https://rategain.com/blog/how-content-can-solve-the-expectation-gap-for-hotels/,5
Changing Markets Post-Pandemic: Guest Behaviors Changing Booking Inspiration,"MAY 11, 2023",https://rategain.com/blog/guest-behaviors-changing-booking-inspiration/,4
What is Hotel Occupancy Rate? How to Calculate it?,"MAY 6, 2023",https://rategain.com/blog/hotel-occupancy-rate/,7
Is RevPAR the Best Metric to Measure Profitability?,"MAY 5, 2023",https://rategain.com/blog/is-revpar-the-best-metric-to-measure-profitability/,4
Why Should Hotels Update Content On OTAs Frequently?,"MAY 5, 2023",https://rategain.com/blog/why-are-frequent-content-updates-important/,5
Why Metasearch is critical for your Direct Bookings Strategy,"MAY 4, 2023",https://rategain.com/blog/why-metasearch-is-critical-for-your-direct-bookings-strategy/,4
Why Content on OTAs is Critical for Improving Conversion Rates,"MAY 3, 2023",https://rategain.com/blog/why-content-on-otas-is-critical-for-improving-conversion-rates/,4
How do Hotels Distribute Inventory to Drive Bookings,"MAY 3, 2023",https://rategain.com/blog/how-hotels-distribute-inventory-to-drive-bookings/,4
What is RevPAR ? Why does it Matter?,"MAY 1, 2023",https://rategain.com/blog/what-is-revpar-why-does-it-matter/,4
A Complete Guide to Hotel Marketing Strategy for 2023,"APRIL 30, 2023",https://rategain.com/blog/hotel-marketing-strategy-for-2023/,3
Latin America’s Hospitality Industry is Ready to Take the AI Leap into the Future,"APRIL 27, 2023",https://rategain.com/blog/future-of-hospitality-in-latin-america/,4
Sustainability: The Conversation We Need To Have With ChatGPT Today,"APRIL 27, 2023",https://rategain.com/blog/sustainable-travel/,4
Here's Why You Should Care About Hotel Content Management & Distribution,"APRIL 22, 2023",https://rategain.com/blog/heres-why-you-should-care-about-hotel-content-management-distribution/,7
Why Ease of Use is the Core of any Booking Engine?,"APRIL 15, 2023",https://rategain.com/blog/why-ease-of-use-is-the-core-of-any-booking-engine/,7
Why is Security Critical for a Booking Engine?,"APRIL 14, 2023",https://rategain.com/blog/why-is-security-critical-for-a-booking-engine/,7
Thank You Booking.com For Showing Us The Future,"APRIL 13, 2023",https://rategain.com/blog/thank-you-booking-com-for-showing-us-the-future/,4
How to Evaluate a Booking Engine?,"APRIL 13, 2023",https://rategain.com/blog/how-to-evaluate-a-booking-engine/,7
All You Need to Know About a Hotel Booking Engine,"APRIL 12, 2023",https://rategain.com/blog/hotel-booking-engine/,3
Revolutionizing Guest Experiences and Revenue Management with AI,"APRIL 6, 2023",https://rategain.com/blog/revolutionizing-guest-experiences-and-revenue-management-with-ai/,9
What is Direct Booking?,"APRIL 5, 2023",https://rategain.com/blog/what-is-a-direct-booking/,9
The Relevance of Content for Hotels,"APRIL 1, 2023",https://rategain.com/blog/relevance-of-hotel-content/,4
Leading the Way: Top 8 Hospitality Technology Trends to Watch in 2023,"MARCH 21, 2023",https://rategain.com/blog/leading-the-way-top-8-hospitality-technology-trends-to-watch-in-2023/,6
A Complete Guide to Hotel Connectivity & Distribution,"MARCH 21, 2023",https://rategain.com/blog/what-is-hotel-connectivity-distribution-complete-guide/,3
Revolutionizing the Hospitality Industry: The Role of Advanced Channel Managers in Driving Hotel Business Growth,"MARCH 16, 2023",https://rategain.com/blog/revolutionizing-the-hospitality-industry-the-role-of-advanced-channel-managers-in-driving-hotel-business-growth/,4
What are Hotel Industry Statistics?,"MARCH 6, 2023",https://rategain.com/blog/what-are-hotel-industry-statistics/,4
The Data Goldmine: The 3 Step Process to Unlocking the Power of Guest Data,"FEBRUARY 15, 2023",https://rategain.com/blog/the-data-goldmine-the-3-step-process-to-unlocking-the-power-of-guest-data/,4
How To Use Guest Messaging To Improve Revenue,"JANUARY 31, 2023",https://rategain.com/blog/how-to-use-guest-messaging-to-improve-revenue/,4
Spin Around the Challenges of an Economic Downturn with AI-Enabled Solutions,"JANUARY 30, 2023",https://rategain.com/blog/spin-around-the-challenges-of-an-economic-downturn-with-ai-enabled-solutions/,3
What is a Hotel Property Management System (PMS)?,"JANUARY 23, 2023",https://rategain.com/blog/hotel-property-management-system/,4
Unlocking A New Level Of Luxury For Dubai: The Rising Need For Technology,"JANUARY 20, 2023",https://rategain.com/blog/unlocking-a-new-level-of-luxury-for-dubai/,3
Troubleshooting Guest Engagement: Is the Answer in the Palm of your Hands?,"JANUARY 6, 2023",https://rategain.com/blog/troubleshooting-guest-engagement/,5
No Shortage of Guest Engagement Despite Labour Shortage in the UK: Why Technology is the Answer,"DECEMBER 23, 2022",https://rategain.com/blog/solving-labor-shortage-with-technology-for-guest-engagement/,4
Journey to better guest satisfaction: Why digitisation is the shortcut you need,"DECEMBER 16, 2022",https://rategain.com/blog/journey-to-better-guest-satisfaction-why-digitisation-is-the-shortcut-you-need/,3
7 Tips for A Booking-friendly Hotel Website,"DECEMBER 12, 2022",https://rategain.com/blog/tips-for-a-booking-friendly-hotel-website/,3
The Problem In Paradise: What The Hotels Of Maldives Need To Know,"DECEMBER 6, 2022",https://rategain.com/blog/what-the-hotels-of-maldives-need-to-know/,3
The Good Side Of AI: Read Between The Lines To Understand Your Guests’ Feelings,"NOVEMBER 11, 2022",https://rategain.com/blog/ai-to-understand-guest-feelings/,2
Preparing for the Future of Air Travel Demand,"NOVEMBER 4, 2022",https://rategain.com/blog/preparing-for-the-future-of-air-travel-demand/,1
Digital Hospitality: No Longer An Oxymoron,"NOVEMBER 3, 2022",https://rategain.com/blog/digital-hospitality-no-longer-an-oxymoron/,1
Peak Experience For The Peak Season,"OCTOBER 27, 2022",https://rategain.com/blog/peak-experience-for-the-peak-season/,2
Forward-looking Insights on Travel Demand: Top Trending Cities in Asia (Oct – Dec 2022),"OCTOBER 24, 2022",https://rategain.com/blog/travel-demand-data-report-asia-oct-2022/,2
Guest Dissatisfaction: De-mystified,"OCTOBER 19, 2022",https://rategain.com/blog/guest-dissatisfaction-de-mystified/,2
Beyond Just Emojis: Leveraging WhatsApp To Improve Guest Experience,"OCTOBER 11, 2022",https://rategain.com/blog/beyond-just-emojis-leveraging-whatsapp-to-improve-guest-experience/,2
Experiences Above All: The Long and Short of Guest Experiences,"OCTOBER 6, 2022",https://rategain.com/blog/experiences-above-all-the-long-and-short-of-guest-experiences/,1
Humans Of RateGain: Q&A With Mark Haywood,"OCTOBER 4, 2022",https://rategain.com/blog/humans-of-rategain-mark-haywood/,1
India’s Festive Season Travel Outlook,"OCTOBER 3, 2022",https://rategain.com/blog/indias-festive-season-travel-outlook/,2
Productivity For The Front Desk: What Has Changed,"SEPTEMBER 27, 2022",https://rategain.com/blog/productivity-for-the-front-desk-what-has-changed/,3
How Can Scoring Content Help Hotels Drive More Bookings,"SEPTEMBER 20, 2022",https://rategain.com/blog/how-can-scoring-content-help-hotels-drive-more-bookings/,3
New Data Sources To Help Commercial Teams Make Better Decisions,"SEPTEMBER 20, 2022",https://rategain.com/blog/new-data-sources-to-help-commercial-teams-make-better-decisions/,3
Hotel Online Bookings Can Be More Profitable,"SEPTEMBER 20, 2022",https://rategain.com/blog/hotel-online-bookings-can-be-more-profitable/,3
Bridging Silos in Commercial Teams Post Pandemic,"AUGUST 25, 2022",https://rategain.com/blog/bridging-silos-in-commercial-teams-post-pandemic/,7
Data Transparency: The New Way to Collaborate in Commercial Teams,"AUGUST 25, 2022",https://rategain.com/blog/data-transparency-the-new-way-to-collaborate-in-commercial-teams/,7
Are Middle East Hoteliers Ready for the Next Big Shift?,"JULY 18, 2022",https://rategain.com/blog/are-middle-east-hoteliers-ready-for-the-next-big-shift/,5
Artificial Intelligence in the Hospitality Industry : The Future,"JULY 13, 2022",https://rategain.com/blog/artificial-intelligence-future-of-hospitality-industry/,6
What is Engage-AI? What are the benefits of using Engage-AI?,"JULY 7, 2022",https://rategain.com/blog/all-about-engage-ai/,7
Enjoy Greater Conversions by Offering Mobile Rates to your Prospective Customers,"JUNE 30, 2022",https://rategain.com/blog/enjoy-greater-conversions-by-offering-mobile-rates-to-your-prospective-customers/,7
Improving Business by Offering Country Rates to Prospective Customers,"JUNE 21, 2022",https://rategain.com/blog/improving-business-by-offering-country-rates-to-prospective-customers/,6
The Role of Metasearch in Pandemic Recovery,"MAY 31, 2022",https://rategain.com/blog/the-role-of-metasearch-in-pandemic-recovery/,6
Why Forward-looking Demand Intelligence is all the More Important for a Destination and it's DMO Today?,"MARCH 31, 2022",https://rategain.com/blog/dmo-destination-marketing-intelligence-strategy/,5
How to Become a Genius and Drive-up Hotel Visibility and Occupancy Rates!,"MARCH 10, 2022",https://rategain.com/blog/how-to-become-a-genius-and-drive-up-hotel-visibility-and-occupancy-rates/,5
Airline Traveler Forecast: Can it help in anticipating demand better?,"MARCH 9, 2022",https://rategain.com/blog/airline-traveller-demand-forecast/,6
How can User Experience Help Revenue Managers? Ask AirGain,"JANUARY 13, 2022",https://rategain.com/blog/how-can-user-experience-help-revenue-managers/,3
The Travel Manifesto for 2022,"DECEMBER 24, 2021",https://rategain.com/blog/the-travel-manifesto-for-2022/,9
Marketing Technology in a Data-Driven Era,"OCTOBER 22, 2021",https://rategain.com/blog/marketing-technology-in-a-data-driven-era/,8
Usability and Accessibility – How they are making AirGain smarter for you!,"OCTOBER 5, 2021",https://rategain.com/blog/usability-and-accessibility-how-they-are-making-airgain-smarter-for-you/,10
Building a Culture of Empowerment,"OCTOBER 4, 2021",https://rategain.com/blog/building-a-culture-of-empowerment/,8
Is The Future Of Forecasting Clear For Revenue Managers?,"SEPTEMBER 29, 2021",https://rategain.com/blog/is-the-future-of-forecasting-clear-for-revenue-managers/,10
Upcoming Launch: The New Room – Rate Management API will Help Distribution Teams Directly and Quickly Create/Retrieve a Multitude of Room Rate Types from RezGain,"SEPTEMBER 28, 2021",https://rategain.com/blog/directly-manage-rooms-and-rates-from-rategains-channel-manager-ui-to-booking-com/,5
How Revenue Managers Can Be Future Ready For The Next Crisis,"SEPTEMBER 23, 2021",https://rategain.com/blog/how-revenue-managers-can-be-future-ready-for-the-next-crisis/,9
How Can New Airlines Thrive the Post- Covid World,"SEPTEMBER 3, 2021",https://rategain.com/blog/how-can-new-airlines-thrive-the-post-covid-world/,4
Making Your Hotel Channel Manager Adapt to Your Day,"SEPTEMBER 1, 2021",https://rategain.com/blog/making-your-hotel-channel-manager-adapt-to-your-day/,4
CarGain Canvas: Analytics that give you 360 degree control over your market,"SEPTEMBER 1, 2021",https://rategain.com/blog/cargain-canvas-analytics-that-give-you-360-degree-control-over-your-market/,3
What Signals is the Summer of 2021 Giving Car Rentals?,"JULY 8, 2021",https://rategain.com/blog/what-signals-is-the-summer-of-2021-giving-car-rentals/,4
WHAT ARE YOUR PRONOUNS?,"JUNE 25, 2021",https://rategain.com/blog/what-are-your-pronouns/,9
Bringing More Speed and Agility to Airline Pricing for the Post-COVID Revenue Manager,"JUNE 15, 2021",https://rategain.com/blog/bringing-more-speed-and-agility-to-airline-pricing-for-the-post-covid-revenue-manager/,5
The Current State of Airline Pricing post-Covid,"MAY 3, 2021",https://rategain.com/blog/the-current-state-of-airline-pricing-post-covid/,5
How can hoteliers get 2021 right with a solid pricing strategy as volatility in recovery persists,"MAY 3, 2021",https://rategain.com/blog/how-can-hoteliers-get-2021-right-with-a-solid-pricing-strategy-as-volatility-in-recovery-persists/,5
Why We Must Tell a Visual Data Story,"APRIL 30, 2021",https://rategain.com/blog/why-we-must-tell-a-visual-data-story/,5
Airlines Revenue Management Checklist for 2021,"APRIL 29, 2021",https://rategain.com/blog/airlines-revenue-management-checklist-for-2021/,5
"Cap on Wedding Guests Might Pinch, But It's a Necessary Evil","DECEMBER 25, 2020",https://rategain.com/blog/cap-on-wedding-guests-might-pinch-but-its-a-necessary-evil/,3
"We have been Profitable Since Inception: Yogeesh Chandra- Global Head of Corporate Development, RateGain","DECEMBER 22, 2020",https://rategain.com/blog/we-have-been-profitable-since-inception-yogeesh-chandra-global-head-of-corporate-development-rategain/,3
Some Employees are Getting a New Job…At Their Old Job,"DECEMBER 21, 2020",https://rategain.com/blog/some-employees-are-getting-a-new-jobat-their-old-job/,5
Visioning The Post-COVID Era In Revenue Management,"DECEMBER 21, 2020",https://rategain.com/blog/visioning-the-post-covid-era-in-revenue-management/,5
50% Rise in Bookings Not Enough for India to Catch Up With Global Recovery,"DECEMBER 21, 2020",https://rategain.com/blog/50-rise-in-bookings-not-enough-for-india-to-catch-up-with-global-recovery/,5
Tech Skills That can Rebuild the Travel Industry,"DECEMBER 20, 2020",https://rategain.com/blog/tech-skills-that-can-rebuild-the-travel-industry/,5
After China can 'Revenge Travel' Happen in India?,"DECEMBER 18, 2020",https://rategain.com/blog/after-china-can-revenge-travel-happen-in-india/,4
Travel & Hospitality Sector Will Take 12-15 Months To Cross Pre-covid Level Hiring Figures: Industry Leaders,"DECEMBER 16, 2020",https://rategain.com/blog/travel-hospitality-sector-will-take-12-15-months-to-cross-pre-covid-level-hiring-figures-industry-leaders/,4
What Hotels Need to Know About the Staycation Boom,"DECEMBER 16, 2020",https://rategain.com/blog/what-hotels-need-to-know-about-the-staycation-boom/,4
Here’s How Hoteliers Can Attract New Travelers in the Post-COVID Era,"DECEMBER 16, 2020",https://rategain.com/blog/heres-how-hoteliers-can-attract-new-travelers-in-the-post-covid-era/,5
How Airline Revenue Management and Pricing Teams Respond to Revenue Volatility?,"DECEMBER 15, 2020",https://rategain.com/blog/how-airline-revenue-management-and-pricing-teams-respond-to-revenue-volatility/,5
Revenue Volatility in Airlines is Here to Stay: What can Revenue & Pricing Teams do About it?,"DECEMBER 15, 2020",https://rategain.com/blog/revenue-volatility-in-airlines-is-here-to-stay-what-can-revenue-pricing-teams-do-about-it/,5
These New Car Rental Subscription Programs Will Get You There,"DECEMBER 15, 2020",https://rategain.com/blog/these-new-car-rental-subscription-programs-will-get-you-there/,5
"Pardon me, your politics are showing","DECEMBER 12, 2020",https://rategain.com/blog/pardon-me-your-politics-are-showing/,4
"New Deal Europe Weekly Update on Tourism to the Balkan Region, Week 24","DECEMBER 12, 2020",https://rategain.com/blog/new-deal-europe-weekly-update-on-tourism-to-the-balkan-region-week-24/,4
See the Green Shoots of Recovery with Smart Distribution’s latest addition “Future Demand”,"OCTOBER 21, 2020",https://rategain.com/blog/see-the-green-shoots-of-recovery-with-smart-distributions-latest-addition-future-demand/,5
Seven Tactics to Keep your Hotel's Distribution Healthy and Highly Profitable,"OCTOBER 7, 2020",https://rategain.com/blog/seven-tactics-to-keep-your-hotels-distribution-healthy-and-highly-profitable/,8
Bespoke Strategies for Opening the Doors to the European Market,"AUGUST 25, 2020",https://rategain.com/blog/bespoke-strategies-for-opening-the-doors-to-the-european-market/,7
A New Era of Exploration is Coming to Hoteliers. Stay Tuned!,"AUGUST 20, 2020",https://rategain.com/blog/a-new-era-of-exploration-is-coming-to-hoteliers-stay-tuned/,4
Perspectives with Saurabh Prakash: How Hotels Can Get Digital Right for Recovery,"AUGUST 14, 2020",https://rategain.com/blog/perspectives-with-saurabh-prakash-how-hotels-can-get-digital-right-for-recovery/,4
Perspectives with Debojo: How Survival Became A Success Metric at SpiceJet,"JULY 22, 2020",https://rategain.com/blog/perspectives-with-debojo-how-survival-became-a-success-metric-at-spicejet/,6
Strategies for Hoteliers to Get Back to Business for UK Market,"JULY 20, 2020",https://rategain.com/blog/strategies-for-hoteliers-to-get-back-to-business-for-uk-market/,6
Strategies for Hoteliers to Get Back to Business for Europe Market,"JULY 20, 2020",https://rategain.com/blog/strategies-for-hoteliers-to-get-back-to-business-for-europe-market/,9
"Perspectives #8 with Ajay Bakaya, Managing Director, Sarovar Hotels and Resorts","JULY 14, 2020",https://rategain.com/blog/perspectives-8-with-ajay-bakaya-managing-director-sarovar-hotels-and-resorts/,4
Re-Taking The Skies : What Can Commercial Teams Do To Gear Up For A Full Return Of Airline Travel In The New Normal,"JUNE 30, 2020",https://rategain.com/blog/re-taking-the-skies-what-can-commercial-teams-do-to-gear-up-for-a-full-return-of-airline-travel-in-the-new-normal/,3
React to Competitive Prices in Real Time with RateGain’s OPTIMA MarketDrone,"JUNE 15, 2020",https://rategain.com/blog/react-to-competitive-prices-in-real-time-with-rategains-optima-marketdrone/,4
Watch Your Language! Content in the New Hospitality Landscape,"JUNE 2, 2020",https://rategain.com/blog/watch-your-language-content-in-the-new-hospitality-landscape/,4
Keeping Lights on During the Current COVID Crisis!,"MAY 5, 2020",https://rategain.com/blog/keeping-lights-on-during-the-current-covid-crisis/,4
"Hoteliers, Spot New Markets to Create New Revenues in a Post-COVID 19 World","APRIL 23, 2020",https://rategain.com/blog/hoteliers-spot-new-markets-to-create-new-revenues-in-a-post-covid-19-world/,11
Social Media During COVID-19: Tourism Brands That Got It Right,"APRIL 21, 2020",https://rategain.com/blog/social-media-during-covid-19-tourism-brands-that-got-it-right/,8
We Are Bracing Ourselves: Are You?,"MARCH 20, 2020",https://rategain.com/blog/have-we-braced-ourselves/,12
How to Capture Rate Integrity Issues in the Most Simplified Way,"MARCH 11, 2020",https://rategain.com/blog/how-to-capture-rate-integrity-issues-in-the-most-simplified-way/,10
Top 3 Rate Disparity Cases Acceptable to a Revenue Manager,"MARCH 4, 2020",https://rategain.com/blog/top-3-rate-disparity-cases-acceptable-to-a-revenue-manager/,13
Rate Integrity: A Brand New Way of Increasing Direct Bookings,"FEBRUARY 27, 2020",https://rategain.com/blog/rate-integrity-a-brand-new-way-of-increasing-direct-bookings/,8
Why Choose Rate Intelligence Over Rate Shopping?,"FEBRUARY 19, 2020",https://rategain.com/blog/why-choose-rate-intelligence-over-rate-shopping/,11
Why a Rate Intelligence Experience Should Have the Best Art & Science Behind it,"FEBRUARY 5, 2020",https://rategain.com/blog/why-a-rate-intelligence-experience-should-have-the-best-art-science-behind-it/,11
Our Point of View on the Modern Age Distribution Ecosystem,"JANUARY 31, 2020",https://rategain.com/blog/our-point-of-view-on-the-modern-age-distribution-ecosystem/,6
Are You Leading A Future-Ready HR?,"JANUARY 29, 2020",https://rategain.com/blog/are-you-leading-a-future-ready-hr/,7
5 Ways to Ace Hospitality Marketing in 2020,"JANUARY 20, 2020",https://rategain.com/blog/5-ways-to-ace-hospitality-marketing-in-2020/,5
Why UX is Instrumental for Revenue Management,"JANUARY 14, 2020",https://rategain.com/blog/why-ux-is-instrumental-for-revenue-management/,16
Visualizing Data Like a Pro: The Key to Unlock the Data Gold Mine,"DECEMBER 17, 2019",https://rategain.com/blog/visualizing-data-like-a-pro-the-key-to-unlock-the-data-gold-mine/,13
Smart Shopping for Data: Driving Analytics Excellence in the Airlines Industry,"DECEMBER 4, 2019",https://rategain.com/blog/smart-shopping-for-data-driving-analytics-excellence-in-the-airlines-industry/,5
"Mr. Hotelier, Four Signs It is Time to Change your Distribution Partner","NOVEMBER 29, 2019",https://rategain.com/blog/mr-hotelier-four-signs-it-is-time-to-change-your-distribution-partner/,5
Adopting SCRUM in the Organization’s People Processes,"NOVEMBER 22, 2019",https://rategain.com/blog/adopting-scrum-organization-people-processes/,3
How to Deliver Value In The Era Of Hospitality Industry Consolidation?,"NOVEMBER 19, 2019",https://rategain.com/blog/how-to-deliver-value-in-the-era-of-hospitality-industry-consolidation/,4
What will define Long Term Success for Airlines,"NOVEMBER 11, 2019",https://rategain.com/blog/what-will-define-long-term-success-for-airlines/,8
Challenges for Airline Revenue Managers Beyond 2020,"OCTOBER 23, 2019",https://rategain.com/blog/challenges-for-airline-revenue-managers-beyond-2020/,9
Navigating Constant Consolidation,"OCTOBER 21, 2019",https://rategain.com/blog/navigating-constant-consolidation/,8
Our point of view on Distribution Journey,"OCTOBER 17, 2019",https://rategain.com/blog/our-point-of-view-on-distribution-journey/,8
Putting User Experience at the center of a new problem,"OCTOBER 15, 2019",https://rategain.com/blog/putting-user-experience-at-the-center-of-a-new-problem/,10
The Last Distribution Challenge,"OCTOBER 15, 2019",https://rategain.com/blog/re-configuring-the-distribution-models-for-the-next-gen-distribution-ecosystem/,2
Can Car Rental analytics help make better investment decisions?,"OCTOBER 4, 2019",https://rategain.com/blog/can-car-rental-analytics-help-make-better-investment-decisions/,8
Top 3 considerations for blueprinting your content transformation,"SEPTEMBER 21, 2019",https://rategain.com/blog/top-three-considerations-for-blueprinting-your-content-transformation/,7
The Path to A Shared Future: Can car rentals help in turning around the industry slowdown ?,"SEPTEMBER 11, 2019",https://rategain.com/blog/how-to-turn-around-car-industry-slowdown/,7
Delivering Duty of Care in the Age of Corporate Rogue Travel,"AUGUST 21, 2019",https://rategain.com/blog/delivering-duty-of-care-in-the-age-of-corporate-rogue-travel/,5
Who is winning the experience game in travel and hospitality?,"JULY 22, 2019",https://rategain.com/blog/who-is-winning-the-experience-game-in-travel-and-hospitality/,2
Airlines: Soaring on Ancillary Revenue,"JULY 18, 2019",https://rategain.com/blog/airlines-soaring-on-ancillary-revenue/,5
Transaction Tracking and Analytics: Steering Car Rental,"JUNE 24, 2019",https://rategain.com/blog/transaction-tracking-and-analytics-steering-car-rental/,5
Enhancing Car Rental Revenue Management with AI-driven Dynamic Pricing,"JUNE 24, 2019",https://rategain.com/blog/enhancing-car-rental-revenue-management-with-ai-driven-dynamic-pricing/,5
Busting a billion-dollar digital myth for cruise lines!,"FEBRUARY 8, 2019",https://rategain.com/blog/busting-billion-dollar-digital-myth-cruise-lines/,6
The future of distribution strategy at your doorstep,"SEPTEMBER 24, 2018",https://rategain.com/blog/future-distribution-strategy-doorstep/,4
"‘A Thousand Words’: Why Great Visuals Speak Directly, Fluently and Effortlessly","AUGUST 27, 2018",https://rategain.com/blog/importance-picture-reviews-hotel-reputation/,4
New Age Data is Driving Growth for Travel Package Providers,"AUGUST 24, 2018",https://rategain.com/blog/new-age-big-data-growth-package-providers/,3
Tackling content issues head-on,"JULY 16, 2018",https://rategain.com/blog/tackling-content-issues-head-on/,4
7 Top Trends In Hotel Distribution Today,"JULY 13, 2018",https://rategain.com/blog/7-trends-hotel-distribution/,3
HRS Selects RateGain as its Channel Management Partner for their newest connectivity platform,"MAY 4, 2018",https://rategain.com/blog/channel-management-channel-management-hrs-selects-rategain-channel-management-partner-new-platform/,3
Code Itineraries: A road map for the travel industry to unlock one trillion dollars in value by 2025,"APRIL 11, 2018",https://rategain.com/blog/code-itineraries-road-map-travel-industry/,3
5 Ways to Improve Your Hotel's Visibility within Search Engines,"APRIL 9, 2018",https://rategain.com/blog/5-ways-improve-hotels-visibility-search-engines/,3
Hitting a home run in automation tools,"APRIL 3, 2018",https://rategain.com/blog/hitting-a-home-run-in-automation-tools/,3
Tapping the world’s no. 1 outbound travel market,"JANUARY 22, 2018",https://rategain.com/blog/tapping-the-worlds-no-1-outbound-travel-market/,3
It's 100% pure adrenaline! Introducing Distribution Strategy Studio,"JANUARY 11, 2018",https://rategain.com/blog/pure-adrenaline-distribution-strategy-studio/,3
Your Hotel Reputation Matters to Your Revenue,"DECEMBER 11, 2017",https://rategain.com/blog/hotel-reputation-matters-revenue/,4
"Hoteliers, Take a Re-look at Parity and Prevent Revenue Leakages","NOVEMBER 23, 2017",https://rategain.com/blog/hotel-parity-prevent-revenue-leakages/,3
Assessing the boom in travel startups,"NOVEMBER 21, 2017",https://rategain.com/blog/assessing-the-boom-in-travel-startups/,4
Building the Perfect Revenue Strategy Is Not Enough; Advanced Hotel Revenue Management Tool is a Must!,"NOVEMBER 13, 2017",https://rategain.com/blog/advanced-hotel-revenue-management-tool/,3
Travel Industry is Already Using Geo-based Competitive Price Tracking; Act Now Before Its Too Late,"NOVEMBER 3, 2017",https://rategain.com/blog/geo-based-competitive-price-tracking-rate-intelligence-tool/,4
We Bet You Will Not Want to Miss The Benefits of a Comprehensive Hotel Price Intelligence Solution!,"OCTOBER 25, 2017",https://rategain.com/blog/benefits-hotel-price-intelligence-solution/,4
Sharing economy blurring the lines in hospitality,"OCTOBER 23, 2017",https://rategain.com/blog/sharing-economy-blurring-the-lines-in-hospitality/,4
Tracking Mobile App Rates of Your Competition is a MUST for Your Price Strategy!,"OCTOBER 11, 2017",https://rategain.com/blog/track-competitor-mobile-app-rates-hotel/,3
Will Artificial Intelligence Replace Human Intelligence in Revenue Management and Pricing Analysis?,"SEPTEMBER 29, 2017",https://rategain.com/blog/artificial-intelligence-replace-human-intelligence-revenue-management-pricing-analyst/,3
It’s time to reexamine the data structure behind hotel distribution,"SEPTEMBER 25, 2017",https://rategain.com/blog/its-time-to-reexamine-the-data-structure-behind-hotel-distribution/,2
7 Fundamental Hotel Marketing Strategies To Stand Out From Your Competition,"SEPTEMBER 21, 2017",https://rategain.com/blog/fundamental-hotel-marketing-strategies-stand-out/,4
Design an Effective Hotel Guest Loyalty Program to Increase Hotel Bookings and Revenue,"SEPTEMBER 18, 2017",https://rategain.com/blog/effective-hotel-guest-loyalty-program-increase-revenue/,4
Yield Management in Hospitality - Important for Efficient Revenue Management Strategy,"SEPTEMBER 14, 2017",https://rategain.com/blog/yield-management-hospitality-revenue-strategy/,3
What Makes Your Guests The Promoters of Your Brand?,"SEPTEMBER 7, 2017",https://rategain.com/blog/make-guests-promoters-hotel-brand/,3
Tapping the potential of IoT,"AUGUST 29, 2017",https://rategain.com/blog/tapping-the-potential-of-iot/,3
The Role and Future of Technology in Travel Industry,"AUGUST 28, 2017",https://rategain.com/blog/role-future-technology-travel-industry/,3
New Consumer Review Dashboard For Hotels,"AUGUST 21, 2017",https://rategain.com/blog/brandgain-new-consumer-review-dashboard/,3
Measuring Demand in Your City will Skyrocket your Revenue - Here is How!,"AUGUST 21, 2017",https://rategain.com/blog/measuring-hotel-demand-city-skyrocket-revenue/,3
7 Best Methods to Gather Quality Guest Feedback,"AUGUST 16, 2017",https://rategain.com/blog/methods-gather-hotel-guest-feedback/,2
"The Brilliant Hotelier: Face To Face With Panayiotis Kyprianou From Thanos Resorts & Spas, Cyprus","AUGUST 14, 2017",https://rategain.com/blog/brilliant-hotelier-thanos-resorts-spas-cyprus/,4
Monitoring Hundreds of Booking Sites - No Longer a Challenging Task for Hoteliers,"AUGUST 10, 2017",https://rategain.com/blog/monitoring-multiple-booking-sites-hotel-pricing-strategy/,3
"Hotels, Utilize Closed User Group (CUG) Customers to Increase Revenue Through Direct Bookings","AUGUST 8, 2017",https://rategain.com/blog/utilize-closed-user-group-customers-increase-revenue-direct-bookings/,4
Create a Revenue Centric Culture in your Hotel by Integrating Technology,"AUGUST 2, 2017",https://rategain.com/blog/revenue-centric-culture-integrated-hotel-technology/,4
"Despite the best efforts of hotel brands, travelers still love to click around","AUGUST 1, 2017",https://rategain.com/blog/despite-the-best-efforts-of-hotel-brands-travelers-still-love-to-click-around/,4
"Hoteliers, Are You Using Mobile to Support Your Online Reputation Management?","JULY 31, 2017",https://rategain.com/blog/mobile-support-hotel-online-reputation-management-strategy/,4
7 Practical tips to improve online reviews of your hotel,"JULY 25, 2017",https://rategain.com/blog/tips-improve-online-reviews-hotel/,4
14 Features to Consider Before Your Hotel Decides to Devote In a Channel Manager,"JULY 24, 2017",https://rategain.com/blog/features-consider-choosing-hotel-channel-manager/,4
Managing Hotel Guest Sentiment and Online Presence to Create Revenue Centric Culture,"JULY 19, 2017",https://rategain.com/blog/managing-hotel-guest-sentiment-online-presence-revenue-centric-culture/,4
"Hoteliers, You Need a Channel Manager with an Edge to Stand out from Competition","JULY 18, 2017",https://rategain.com/blog/right-hotel-channel-manager-stand-out-competitive-edge/,3
Blockchain and its potential to upend the travel industry,"JULY 17, 2017",https://rategain.com/blog/blockchain-and-its-potential-to-upend-the-travel-industry/,3
"Hoteliers, Learn How to Create A Revenue Centric Culture in Your Hotel","JULY 10, 2017",https://rategain.com/blog/create-hotel-revenue-centric-culture/,4
"Hoteliers, Learn About The Growing Importance of Hotel Online Reputation Management","JULY 4, 2017",https://rategain.com/blog/growing-importance-hotel-online-reputation-management/,4
How to Make Restaurant’s Online Reputation a Secret Sauce in Enhancing your Hotel Brand?,"JUNE 28, 2017",https://rategain.com/blog/restaurant-online-reputation-enhance-hotel-brand/,4
Engaging Travelers Through Social Media Can Reap Umpteen Benefits for Hotels,"JUNE 19, 2017",https://rategain.com/blog/engaging-travelers-social-media-hotels-reap-benefits/,4
Approach For A Balanced Hotel Distribution Strategy - Learn Why Hotels Should Adopt It,"JUNE 14, 2017",https://rategain.com/blog/adopt-balanced-hotel-distribution-strategy/,2
9 Tips to Build a Hotel’s Facebook Strategy & Improve Guest Experience,"JUNE 6, 2017",https://rategain.com/blog/improve-guest-experience-build-hotel-facebook-strategy-social-media/,3
Top Trends: Millennial Travelers & the Hospitality Sector,"MAY 30, 2017",https://rategain.com/blog/millennial-travelers-trends-hospitality-sector/,3
Evolving Role Of Hotel Revenue Manager - Part 4,"MAY 26, 2017",https://rategain.com/blog/evolving-hotel-revenue-manager-use-big-data/,2
The Evolving Role of Revenue Managers - Part 3,"MAY 24, 2017",https://rategain.com/blog/evolving-role-revenue-managers-hotel-comp-set/,3
Good translation key to staying in global marketplace,"MAY 24, 2017",https://rategain.com/blog/good-translation-key-to-staying-in-global-marketplace/,3
The Evolving Role Of Hotel Revenue Managers – Part 2,"MAY 17, 2017",https://rategain.com/blog/evolving-role-hotel-revenue-managers-part2/,3
How Your Hotel distribution & Online Reputation Strategy is key to RevPAR Management,"MAY 15, 2017",https://rategain.com/blog/revpar-management-hotel-distribution-reputation-strategy/,3
The Evolving Role of Hotel Revenue Managers - Part 1,"MAY 10, 2017",https://rategain.com/blog/evolving-role-hotel-revenue-managers-part1/,3
5 Effective Ways Hotels Could Conduct Guest Surveys and Loyalty Programs,"MAY 2, 2017",https://rategain.com/blog/effective-hotels-guest-surveys-loyalty-programs/,3
"Hoteliers, Are Vacation Rentals Eating Your Lunch?","APRIL 26, 2017",https://rategain.com/blog/vacation-rentals-eating-hotel-revenue/,3
Abbreviations are not a content strategy,"APRIL 24, 2017",https://rategain.com/blog/abbreviations-are-not-a-content-strategy/,3
The Future of Hotel Revenue Management – BOTs or Humans?,"APRIL 18, 2017",https://rategain.com/blog/future-hotel-revenue-management-bots-humans/,3
"Hoteliers, Learn How to Overcome the Challenges in Online Reputation Management","APRIL 14, 2017",https://rategain.com/blog/overcome-shortcomings-challenges-in-online-reputation-management/,3
Managing Seasonal Market Changes to Ensure your Hotel Stays on Top - Part 4,"APRIL 13, 2017",https://rategain.com/blog/managing-seasonal-market-changes-hotel-stays-top-part4/,4
Managing Seasonal Market Changes to Ensure your Hotel Stays on Top - Part 3,"APRIL 11, 2017",https://rategain.com/blog/seasonal-market-changes-hotels-attract-guests/,3
Managing Seasonal Market Changes to Ensure your Hotel Stays on Top - Part 2,"APRIL 7, 2017",https://rategain.com/blog/managing-seasonal-market-changes-hotel-stays-top-part-2/,4
Solving the hospitality industry’s ‘content conundrum’,"APRIL 3, 2017",https://rategain.com/blog/olving-the-hospitality-industrys-content-conundrum/,2
Managing Seasonal Market Changes to Ensure your Hotel Stays on Top - Part 1,"APRIL 3, 2017",https://rategain.com/blog/managing-seasonal-market-changes-hotel-stays-top/,3
"Hoteliers, Beat the Competition and Be The Market Leaders By Adopting Automation","MARCH 27, 2017",https://rategain.com/blog/revenue-managers-embrace-automation-market-leaders/,2
How Can Hotels Use Google to Maximise their Online Presence?,"MARCH 17, 2017",https://rategain.com/blog/how-hotels-use-google-maximise-online-presence/,2
Revenue Management & Marketing Automation can Help Independent Hotels Stay Ahead,"MARCH 14, 2017",https://rategain.com/blog/revenue-management-marketing-automation-for-independent-hotels/,4
Big Data Challenge,"MARCH 8, 2017",https://rategain.com/blog/big-data-challenge/,4
"Hoteliers, Design Your Revenue Management Strategy in Pre-Opening Stage","MARCH 2, 2017",https://rategain.com/blog/hotel-revenue-management-strategy-pre-opening/,4
"Hoteliers, Keep a Track of Events and Holidays To Increase your Revenue Many Folds","FEBRUARY 20, 2017",https://rategain.com/blog/track-events-and-holidays-increase-hotel-revenue/,3
3 Effective Hotel Pricing Strategy Can Boost Your Hotel Revenue,"FEBRUARY 13, 2017",https://rategain.com/blog/effective-hotel-pricing-strategy-to-boost-revenue/,5
How to Manage Hotel's Online Reviews & Guest Experience,"FEBRUARY 2, 2017",https://rategain.com/blog/how-to-manage-hotel-online-reviews/,3
Why Should Hotels Pay Special Attention to Demand Forecasting?,"JANUARY 25, 2017",https://rategain.com/blog/why-should-hotels-pay-special-attention-to-demand-forecasting/,3
"The Brilliant Hotelier: Face to face with Deanna Jayasundera from Theme Resorts and Spas, Sri Lanka","JANUARY 16, 2017",https://rategain.com/blog/brilliant-hotelier-face-face-deanna-jayasundera-assistant-manager-theme-resorts-spas-sri-lanka/,3
RateGain’s Top 12 Blogs of 2016,"JANUARY 3, 2017",https://rategain.com/blog/rategains-top-12-blogs-of-2016/,4
Managing Real-Time Room Inventories Across Multiple OTAs,"DECEMBER 27, 2016",https://rategain.com/blog/managing-real-time-room-inventories-across-multiple-otas/,2
"The Brilliant Hotelier: Face 2 Face with Ria Roberto, the Director of Revenue Management at Kenz Hotel Management, UAE","DECEMBER 19, 2016",https://rategain.com/blog/the-brilliant-hotelier-face-2-face-with-ria-roberto-the-director-of-revenue-management-at-kenz-hotel-management-abu/,2
Be the Revenue Management Hero of your Hotel,"NOVEMBER 28, 2016",https://rategain.com/blog/be-the-revenue-management-hero-of-your-hotel/,4
"Hotels, Let’s Go Direct!","NOVEMBER 23, 2016",https://rategain.com/blog/hotels-lets-go-direct/,4
Tips to Build Customer Loyalty for Your Restaurant,"NOVEMBER 21, 2016",https://rategain.com/blog/tips-to-build-customer-loyalty-for-your-restaurant/,4
"Systems Reliability, A Necessity for Hotel Operations: Part 2","NOVEMBER 18, 2016",https://rategain.com/blog/systems-reliability-a-necessity-for-hotel-operations-part-2/,4
Is Your Hotel United by Goals but Divided by Systems?,"NOVEMBER 16, 2016",https://rategain.com/blog/is-your-hotel-united-by-goals-but-divided-by-systems/,4
"The Brilliant Hotelier: Face 2 Face with I Nyoman Astama, General Manager of the Bali Niksoma Boutique Beach Resort","NOVEMBER 15, 2016",https://rategain.com/blog/the-brilliant-hotelier-face-2-face-with-i-nyoman-astama-general-manager-of-the-bali-niksoma-boutique-beach-resort/,4
"Systems Reliability, A Necessity for Hotel Operations: Part 1","NOVEMBER 11, 2016",https://rategain.com/blog/systems-reliability-a-necessity-for-hotel-operations-part-1/,3
Is your Hotel Website Ready for Google's Latest Mobile Updates,"NOVEMBER 8, 2016",https://rategain.com/blog/is-your-hotel-website-ready-for-googles-latest-mobile-updates/,3
Optimize Your Hotel’s SEO and Mobile Strategy,"NOVEMBER 3, 2016",https://rategain.com/blog/optimize-your-hotels-seo-and-mobile-strategy/,4
"The Brilliant Hotelier: Face 2 Face with Stavros Drakou, Director at Cyprotels Hotels and Resorts, Cyprus","NOVEMBER 2, 2016",https://rategain.com/blog/the-brilliant-hotelier-face-2-face-with-stavros-drakou-director-at-cyprotels-hotels-and-resorts-cyprus/,1
What’s spookier than Halloween for Hoteliers?,"OCTOBER 26, 2016",https://rategain.com/blog/whats-spookier-than-halloween-for-hoteliers/,2
Tapping the phenomenal potential of the Asia Pacific region,"OCTOBER 10, 2016",https://rategain.com/blog/tapping-the-phenomenal-potential-of-the-asia-pacific-region/,2
"The Brilliant Hotelier: Face 2 Face with Trisna Widia, Marketing & E-Commerce Manager, Prime Plaza Hotels and Resorts, Indonesia","OCTOBER 6, 2016",https://rategain.com/blog/the-brilliant-hotelier-face-2-face-with-trisna-widia-marketing-e-commerce-manager-prime-plaza-hotels-and-resorts-indonesia/,2
How to Increase Hotel Direct Bookings? Don’t Ignore the Role of a Booking Engine,"SEPTEMBER 26, 2016",https://rategain.com/blog/how-to-increase-hotel-direct-bookings-dont-ignore-the-role-of-a-booking-engine/,2
Weary of Disruption? 5 Simple Steps to Disrupt the Disruptions in the Rapidly Changing Hospitality Industry,"SEPTEMBER 21, 2016",https://rategain.com/blog/weary-of-disruption-5-simple-steps-to-disrupt-the-disruptions-in-the-rapidly-changing-hospitality-industry/,2
Disruption in the Hotel Industry and Changing Face of the Global Travel Market,"SEPTEMBER 16, 2016",https://rategain.com/blog/disruption-in-the-hotel-industry-and-changing-face-of-the-global-travel-market/,2
"The Brilliant Hotelier: Tête-à-Tête with Richard Lewis, the CEO of Landmark Hotels, Dubai","SEPTEMBER 15, 2016",https://rategain.com/blog/the-brilliant-hotelier-tete-a-tete-with-richard-lewis-the-ceo-of-landmark-hotels-dubai/,3
The fast-changing world of hospitality distribution,"SEPTEMBER 12, 2016",https://rategain.com/blog/rapid-technological-change-spells-disruption-and-opportunity/,3
"Hotels, Are You Prepared for Digital Detox Travelers?","SEPTEMBER 6, 2016",https://rategain.com/blog/hotels-are-you-prepared-for-digital-detox-travelers/,4
"The Brilliant Hotelier: Face 2 Face with the Revenue Director at J5 Rimal Hotel Apartments, Dubai","SEPTEMBER 2, 2016",https://rategain.com/blog/the-brilliant-hotelier-face-2-face-with-the-revenue-director-at-j5-rimal-hotel-apartments-dubai/,4
How Hotels of Tomorrow are Improving Guest Experience with Technology?,"SEPTEMBER 1, 2016",https://rategain.com/blog/how-hotels-of-tomorrow-are-improving-guest-experience-with-technology/,4
Sharing economy and alternative lodging offer great opportunities,"AUGUST 29, 2016",https://rategain.com/blog/sharing-economy-and-alternative-lodging-offer-great-opportunities/,4
How can Hotels Generate More Revenue from Customer Loyalty - Part II,"AUGUST 25, 2016",https://rategain.com/blog/how-can-hotels-generate-more-revenue-from-customer-loyalty-part-ii/,3
How can Hotels Generate More Revenue from Customer Loyalty - Part I,"AUGUST 19, 2016",https://rategain.com/blog/how-can-hotels-generate-more-revenue-from-customer-loyalty-part-i/,3
Travel agents: a re-emerging force in hospitality distribution,"AUGUST 15, 2016",https://rategain.com/blog/travel-agents-a-re-emerging-force-in-hospitality-distribution/,3
5 Things About Hotel Revenue Management Your Boss Wants to Know – Part II,"JULY 28, 2016",https://rategain.com/blog/top-5-things-about-hotel-revenue-management-your-boss-wants-to-know/,2
Pikachu Conjures his Pokemon Friends for Increasing Hotel Revenues,"JULY 26, 2016",https://rategain.com/blog/pikachu-conjures-his-pokemon-friends-for-increasing-hotel-revenues/,3
The sensible economics of 'one to many',"JULY 26, 2016",https://rategain.com/blog/the-sensible-economics-of-one-to-many/,3
5 Things About Hotel Revenue Management Your Boss Wants to Know - Part I,"JULY 22, 2016",https://rategain.com/blog/5-things-about-hotel-revenue-management-your-boss-wants-to-know-part-i/,3
"Hotels, Improve your Online Distribution Strategy with Six Simple Tips","JULY 12, 2016",https://rategain.com/blog/hotels-improve-your-online-distribution-strategy-with-six-simple-tips/,3
How to Ensure the Demand Generated is Translated into Increased Revenues?,"JULY 11, 2016",https://rategain.com/blog/how-to-ensure-the-demand-generated-is-translated-into-increased-revenues/,3
"Brexit: The Impact on Travel and Tourism Industry, Now and Later","JUNE 27, 2016",https://rategain.com/blog/brexit-the-impact-on-travel-and-tourism-industry-now-and-later/,3
Create a new chapter in the relationship between Your Hotel & Guests with Chat Tools,"JUNE 21, 2016",https://rategain.com/blog/create-a-new-chapter-in-the-relationship-between-your-hotel-guests-with-chat-tools/,3
Effective Ways to Measure & Generate Demand – Part V,"JUNE 19, 2016",https://rategain.com/blog/effective-ways-to-measure-generate-demand-building-a-revenue-culture/,2
Effective Ways to Measure & Generate Demand – Part IV,"JUNE 17, 2016",https://rategain.com/blog/effective-ways-to-measure-generate-demand-part-iv/,2
Effective Ways to Measure & Generate Demand - Part II,"JUNE 15, 2016",https://rategain.com/blog/effective-ways-to-measure-demand-part-ii/,3
Effective Ways to Measure & Generate Demand – Part III,"JUNE 15, 2016",https://rategain.com/blog/effective-ways-to-measure-generate-demand-part-iii/,4
Effective Ways to Measure and Generate Demand - Part I,"MAY 17, 2016",https://rategain.com/blog/effective-ways-to-measure-and-generate-demand-part-i/,4
8 Top Tips to Choose the Right Hotel Channel Manager,"MAY 3, 2016",https://rategain.com/blog/8-top-tips-to-choose-the-right-hotel-channel-manager/,4
Comparing and Contrasting Industry Problems with Revenue Optimisation,"APRIL 27, 2016",https://rategain.com/blog/comparing-and-contrasting-industry-problems-with-revenue-optimisation/,4
"Making Cents of RevGain: An Interview With the Revenue Manager at St. George Lycabettus Hotel, Greece","APRIL 20, 2016",https://rategain.com/blog/making-cents-of-revgain-an-interview-with-the-revenue-manager-at-st-george-lycabettus-hotel-greece/,5
Tapping the potential of emerging markets,"APRIL 19, 2016",https://rategain.com/blog/tapping-the-potential-of-emerging-markets/,4
"Unity for Revenue Management: An Interview With the Revenue Analyst at The Manila Hotel, Philippines","APRIL 14, 2016",https://rategain.com/blog/unity-for-revenue-management-an-interview-with-the-revenue-analyst-at-the-manila-hotel-philippines/,5
How to Choose the Right Rate Optimisation Tool for Your Hotel?,"APRIL 6, 2016",https://rategain.com/blog/how-to-choose-the-right-rate-optimisation-tool-for-your-hotel/,5
New partnerships underscore benefits of DHISCO’s ‘direct-to-many’ solutions,"APRIL 4, 2016",https://rategain.com/blog/new-partnerships-underscore-benefits-of-dhiscos-direct-to-many-solutions/,3
Airbnb: An Alternate Lodging Threat to Hotels?,"MARCH 21, 2016",https://rategain.com/blog/airbnb-an-alternate-lodging-threat-to-hotels/,4
21 Points to Consider while Buying a Rate Shopping Tool for Your Hotel,"MARCH 9, 2016",https://rategain.com/blog/21-points-to-consider-while-buying-a-rate-shopping-tool-for-your-hotel/,4
Did You Know? It’s critical to Push Rates along with Occupancy,"FEBRUARY 19, 2016",https://rategain.com/blog/critical-to-push-rates-along-with-occupancy/,4
Hotel Demand Forecasting: Top 3 Ways Hoteliers Can Leverage this Strategic Management Tool,"FEBRUARY 12, 2016",https://rategain.com/blog/hotel-demand-forecasting-top-3-ways-hoteliers-can-leverage-this-strategic-management-tool/,4
7 Quick Tips For Your Hotel Pre-Opening In 2017,"FEBRUARY 12, 2016",https://rategain.com/blog/7-quick-tips-for-your-hotel-pre-opening-in-2017/,4
Zika virus outbreak: Is tourism industry in Central and South America on risk?,"FEBRUARY 8, 2016",https://rategain.com/blog/zika-virus-outbreak-impact-on-tourism-in-central-and-south-america/,4
How to make 35% more revenue? Tap the power of Scientific Pricing,"JANUARY 27, 2016",https://rategain.com/blog/tap-the-power-of-scientific-pricing/,3
Want to Maximize Your Hotel Revenue? Get Your Room Forecast Accurate ASAP,"JANUARY 8, 2016",https://rategain.com/blog/want-to-maximize-your-hotel-revenue-get-your-room-forecast-accurate-asap/,3
9 Undeniable Advantages of Hotel Room Forecasting,"JANUARY 3, 2016",https://rategain.com/blog/9-undeniable-advantages-of-hotel-room-forecasting/,4
Golden Rules to Make the Most of Your Hotel’s Facebook Page,"DECEMBER 15, 2015",https://rategain.com/blog/make-the-most-of-your-hotels-facebook-page/,3
DHISCO’s big data challenge,"DECEMBER 10, 2015",https://rategain.com/blog/dhiscos-big-data-challenge/,2
A Revenue Management mistake that you need to avoid today,"OCTOBER 23, 2015",https://rategain.com/blog/a-revenue-management-mistake-that-you-need-to-avoid-today/,2
The UK RevPAR Growth Story: Promises and Challenges,"OCTOBER 19, 2015",https://rategain.com/blog/the-uk-revpar-growth-story-promises-and-challenges/,2
August 2015: Parity Performance. Where Does Your City Stand? – Latin America,"SEPTEMBER 28, 2015",https://rategain.com/blog/august-2015-parity-performance-where-does-your-city-stand-latin-america/,2
Introducing BrandGain Restaurant Module,"SEPTEMBER 18, 2015",https://rategain.com/blog/introducing-brandgain-restaurant-module/,2
"Q&A with new DHISCO CEO Toni Portmann, on taking Pegasus beyond the hotel switch","SEPTEMBER 16, 2015",https://rategain.com/blog/q-and-a-with-new-dhisco-ceo-toni-portmann-on-taking-pegasus-beyond-the-hotel-switch/,2
Revenue optimisation love story: Grandhotel Zvon achieves 34% growth in revenue with scientific pricing,"SEPTEMBER 16, 2015",https://rategain.com/blog/revenue-optimisation-love-storygrandhotel-zvon-achieves-34-growth-in-revenue-with-scientific-pricing/,2
Scientific pricing is no longer the Lamborghini you can never have.,"SEPTEMBER 14, 2015",https://rategain.com/blog/scientific-pricing-is-no-longer-the-lamborghini-you-can-never-have/,3
"As other hotel distribution fees rise, DHISCO represents less than 1% of booking costs","AUGUST 5, 2015",https://rategain.com/blog/as-other-hotel-distribution-fees-rise-dhisco-represents-less-than-1-of-booking-costs/,2
UNT Big Data Challenge,"JULY 21, 2015",https://rategain.com/blog/unt-big-data-challenge/,3
How to improve your hotel's online reputation using a 100 year old mathematics principle,"JULY 16, 2015",https://rategain.com/blog/how-to-improve-your-hotels-online-reputation-using-a-100-year-old-mathematical-principle/,4
Total Pricing,"JULY 13, 2015",https://rategain.com/blog/dhisco-shop-total-pricing/,2
Update from HEDNA Barcelona: Forecast is sunny,"JUNE 12, 2015",https://rategain.com/blog/update-from-hedna-barcelona-forecast-is-sunny/,2
RevPar Growth in Europe: The top three cities,"JUNE 4, 2015",https://rategain.com/blog/revpar-growth-in-europe-the-top-three-cities/,2
The news for the hotel industry just keeps getting better,"MAY 19, 2015",https://rategain.com/blog/the-news-for-the-hotel-industry-just-keeps-getting-better/,2
Three important elements your Revenue Management system is missing,"APRIL 29, 2015",https://rategain.com/blog/three-important-elements-your-revenue-management-system-is-missing/,3
5 ways to Maximize Hotel Revenues in the Era of Mobile Bookings,"APRIL 21, 2015",https://rategain.com/blog/5-ways-to-maximize-hotel-revenues-in-the-era-of-mobile-bookings/,4
Will airbnb disrupt the hotel business or just play on the sidelines?,"APRIL 14, 2015",https://rategain.com/blog/will-airbnb-disrupt-the-hotel-business-or-just-play-on-the-sidelines/,4
3 Questions RateGain will Answer for you at WTM Latin America,"MARCH 23, 2015",https://rategain.com/blog/3-questions-rategain-will-answer-for-you-at-wtm-latin-america/,4
5 Key Highlights of Super Successful RateGain’s Hotel Revenue Summit 2015 Jakarta,"MARCH 19, 2015",https://rategain.com/blog/5-key-highlights-of-super-successful-rategains-hotel-revenue-summit-2015-jakarta/,3
Reviews and Ratings: A simple way to use them to support your transient pricing strategy,"MARCH 10, 2015",https://rategain.com/blog/reviews-and-ratings-a-simple-way-to-use-them-to-support-your-transient-pricing-strategy/,3
ITB Berlin: 5 Steps to Making Your Visit a Success,"FEBRUARY 25, 2015",https://rategain.com/blog/itb-berlin-5-steps-to-making-your-visit-a-success/,3
Accor Hotels Partners with RateGain for its Rate Shopping Solution Integration,"FEBRUARY 23, 2015",https://rategain.com/blog/accor-hotels-partners-rategain-rate-shopping-solution-integration/,2
RateGain Bags Top Honour at The 2nd Inc. India Innovative100 Conference and Awards Gala,"FEBRUARY 19, 2015",https://rategain.com/blog/rategain-bags-top-honour-2nd-inc-india-innovative100-conference-awards-gala/,2
3 Reasons to visit RateGain at ITB Berlin,"FEBRUARY 12, 2015",https://rategain.com/blog/3-reasons-visit-rategain-itb-berlin/,1
Top 3 Tips to Price Your Hotel Rooms Right in 2015,"FEBRUARY 12, 2015",https://rategain.com/blog/top-3-tips-price-hotel-rooms-right-2015/,2
Europe's Outlook for 2015: What it means for your Hotel,"FEBRUARY 9, 2015",https://rategain.com/blog/europes-outlook-2015-means-hotel/,5
"RateGain Announces Merril Yu and Sunish Sadasivan as Hotel Revenue Summit, Manila Keynote Speakers","FEBRUARY 6, 2015",https://rategain.com/blog/rategain-announces-merril-yu-sunish-sadasivan-hotel-revenue-summit-manila-keynote-speakers/,5
"Join RateGain at Hotel Revenue Summit, Manila on February 12th, 2015","FEBRUARY 4, 2015",https://rategain.com/blog/join-rategain-hotel-revenue-summit-manila-february-12th-2015/,5
